Blue mean,Green mean,Red mean,Blue std,Green std,Red std,Hue mean,Saturation mean,Value mean,Hue std,Saturation std,Value std,L mean,a mean,b mean,L std,a std, b std,Class
"150,2912","118,8615","130,3895","5,2289","8,8786","8,438","131,4628","53,4965","150,4433","10,9909","13,9835","5,1564","132,7733","138,9112","112,5976","8,0062","2,7762","4,7445",c
"158,2896","126,3923","144,6604","6,0253","10,1304","9,7674","136,0408","53,0517","159,4682","18,7224","12,0964","6,3549","141,8101","141,362","113,5512","8,9635","2,8909","5,4443",c
"154,9417","127,0161","143,5692","5,2608","10,3249","9,3363","138,2455","46,8765","155,5516","15,9481","13,6321","5,6156","141,6605","139,8305","115,3671","9,2263","2,9165","4,9669",c
"151,9344","115,6617","132,1807","8,5218","13,4602","14,1391","132,4725","63,1637","153,4545","21,6648","16,6084","8,6889","131,1261","142,0115","110,7452","12,4403","3,2547","7,4119",c
"152,5914","123,9839","138,9914","4,7207","8,9208","8,741","136,2724","48,6253","153,1451","14,368","11,758","4,9225","138,3782","139,4473","114,6366","8,1693","2,163","4,5274",c
"157,9924","138,0892","141,3502","7,4465","17,6362","19,7378","111,2971","37,9209","159,8215","41,2867","22,0858","8,4102","148,9444","133,5623","117,8241","16,4026","3,8841","8,9033",c
"158,2732","134,8839","148,026","5,7804","11,1104","11,8806","135,6405","40,6796","160,2541","28,2376","14,0529","5,7561","148,3372","137,6332","117,3087","10,1558","2,444","6,4382",c
"152,2399","118,9701","129,4763","5,1195","9,2748","8,8583","129,7797","55,7093","152,278","7,9113","14,8316","5,1024","132,8646","139,0457","111,4591","8,3061","3,0034","4,8481",c
"159,4001","130,0353","142,7002","5,3683","9,1395","9,3121","133,6508","47,555","159,8551","13,4293","12,7405","5,5503","143,9775","138,7436","114,0465","8,2519","2,3235","5,0849",c
"154,5266","128,486","141,173","4,6636","8,9171","8,4133","134,5611","43,6325","154,9869","17,1979","13,2803","4,7555","142,1342","138,0434","115,7827","7,9039","2,5051","5,0125",c
"145,0169","121,2383","133,2038","5,0183","11,9625","14,0877","135,9234","44,9442","147,0212","25,4493","16,1504","6,4173","134,5069","137,4927","116,7593","11,4203","2,4518","6,7125",c
"156,2484","123,7307","138,2625","7,4964","16,4207","16,8619","127,3644","57,0302","158,6836","33,7076","20,7577","8,106","138,3949","140,4171","112,5423","14,8157","4,3297","9,3749",c
"154,8861","126,8374","144,9444","7,7814","12,4681","12,6625","136,5195","50,0173","157,4104","27,6014","14,2826","7,6899","141,8712","140,5178","115,5057","11,3552","2,8537","6,9484",c
"153,9607","129,2838","141,9698","8,8146","18,0555","17,996","126,6036","46,35","157,195","41,421","20,8318","9,4086","142,7491","137,9773","116,5151","16,4272","4,2382","8,8946",c
"152,8962","131,5718","145,8869","6,6984","13,3242","12,0521","137,575","38,6452","154,6894","29,2625","16,1194","6,8607","145,0989","137,6569","118,5442","11,9565","3,3389","6,2133",c
"161,5242","137,2238","157,2093","6,9621","12,3823","11,9481","144,6718","43,6311","165,2849","23,1103","12,4796","7,9244","152,2022","140,2209","117,864","10,9885","2,9567","6,4839",c
"155,435","126,2654","140,7811","6,8265","11,3168","11,2745","133,0643","49,3276","156,3626","23,1144","14,0763","6,9214","140,5755","139,4458","114,3378","10,3792","2,5314","5,8827",c
"149,7714","120,5662","130,8172","6,7957","15,79","14,4681","130,9833","50,4777","150,014","15,9807","22,8937","6,845","133,8979","138,1319","113,6445","14,2293","4,517","7,2624",c
"160,6909","129,9423","142,0059","6,3154","10,2188","11,1926","132,2715","50,0652","161,5917","14,7158","11,9817","6,7142","143,8557","138,8664","113,2715","9,3734","2,435","5,2967",c
"160,552","138,7944","149,5712","5,0834","10,3186","11,6899","135,2618","36,6048","161,9571","22,5259","12,0779","6,0285","151,4961","136,3705","117,9312","9,6017","2,3006","5,2058",c
"159,5307","135,5601","146,3516","4,955","8,7557","8,1003","134,3109","38,8507","159,8968","13,7377","11,6625","5,0461","148,4813","136,8631","116,7563","7,8023","2,383","4,3325",c
"163,0201","138,2797","151,0631","6,0823","9,4709","9,2994","134,7103","40,074","163,9666","20,7638","10,8719","6,4251","151,7232","137,7069","116,6977","8,5166","2,0981","4,8762",c
"154,6849","125,6672","139,0775","9,8421","22,4482","21,4138","124,5604","52,6656","157,4223","43,2746","28,106","10,7422","139,6771","139,3522","114,214","20,2126","5,7213","11,0926",c
"151,8431","122,4251","135,5915","9,0038","18,6478","17,8483","133,1681","52,0234","153,2788","27,5428","24,3601","8,8459","136,4489","139,252","113,9739","16,9612","4,7325","8,7333",c
"147,5158","117,1757","128,9017","9,279","19,6734","20,1662","128,1757","54,8666","148,5031","29,6673","25,9712","9,697","130,9082","139,0437","113,1169","18,4008","4,9805","8,9307",c
"146,6195","113,9334","124,6621","9,681","20,625","20,6493","127,8526","59,6107","147,7262","27,8006","28,3279","9,8075","127,6528","139,4035","111,6778","19,132","5,4347","9,8582",c
"154,3166","126,4369","140,6752","7,3648","18,3166","16,1278","131,6975","48,8984","155,8433","33,4479","22,7684","8,0875","140,5152","139,1809","114,9531","16,3357","4,5374","8,3116",c
"147,0505","104,5952","120,3824","8,2798","13,7191","16,624","132,5073","74,3011","147,4869","12,9687","19,6921","8,2599","120,3319","143,4722","107,0474","13,5148","3,3761","7,1219",c
"161,3412","124,7658","141,721","6,5241","10,3529","10,2735","134,22","58,9964","162,2203","15,1586","12,7084","6,3244","140,2513","141,9829","110,8154","9,3451","2,4774","5,6107",c
"148,0273","93,6141","102,0108","8,2444","16,0775","16,9566","124,7873","94,8853","148,2103","11,3922","22,681","8,2017","108,7715","144,6343","99,254","15,0831","4,6342","7,9752",c
"155,3347","109,1604","121,1111","6,9954","14,5529","15,563","128,4628","76,354","155,6541","13,1919","20,2683","7,1611","124,5079","142,9803","104,6255","13,6145","3,2769","7,4255",c
"157,6501","113,0883","127,4655","9,0017","24,3578","26,0586","128,8354","74,8618","159,0034","26,6697","30,5427","10,0936","128,7441","143,6531","105,8713","22,8227","4,9596","11,4459",c
"154,9962","109,2716","122,4954","7,7257","20,7951","22,0897","130,9544","76,173","155,4271","14,9824","30,2264","7,7578","124,8375","143,55","104,9959","19,3732","4,9278","10,513",c
"154,5961","102,2117","116,805","9,9852","20,7644","22,494","130,8331","87,5798","155,3123","12,1436","30,0615","9,7524","118,8017","145,9764","101,5631","19,3518","5,1098","11,2057",c
"152,6222","114,7398","124,8019","8,7277","25,1189","24,8068","126,0603","65,4157","153,3657","29,2636","34,1544","9,2891","128,7578","140,5733","108,7854","23,0829","6,0526","11,6177",c
"150,0251","111,197","120,9969","10,921","24,1958","25,2155","123,9997","68,2139","150,8246","27,9639","33,9161","11,1917","125,2586","140,7999","108,1778","22,6475","6,3035","11,7506",c
"143,2755","104,0406","108,8611","10,1568","21,6886","21,776","118,6694","73,1062","144,1056","25,8863","31,1496","10,4283","116,9392","139,4115","107,0915","20,1741","5,7043","11,1316",c
"146,0269","113,0767","122,2774","8,1249","16,4275","17,2724","128,1219","58,986","146,7201","20,1947","23,4546","8,0713","126,4853","138,8749","111,3039","15,455","3,7387","8,2022",c
"146,6205","114,8763","121,487","9,0914","18,0611","18,2356","128,0421","56,4199","146,7556","12,6683","27,7072","9,0593","127,612","137,7301","111,6349","16,8458","4,6965","8,9263",c
"150,1385","110,0588","122,7796","15,1257","24,261","25,583","124,4352","73,3127","152,8283","32,9128","29,4573","14,4457","124,9395","142,2201","107,9516","22,7832","5,4379","12,6769",c
"153,2324","106,3922","117,6867","12,7226","27,1412","31,3285","121,1673","83,826","155,9504","33,7246","32,8245","14,4156","121,6662","143,7714","104,028","25,7112","6,0147","14,1266",c
"160,3011","129,0925","137,1684","4,816","17,0061","17,8037","130,501","50,6356","160,7891","17,6031","23,3897","5,1971","142,1279","137,7973","112,3853","15,5464","3,8664","8,4178",c
"159,4967","113,7827","120,5294","4,588","16,1215","16,3136","125,2628","73,6763","159,4967","4,7069","22,778","4,588","127,9905","141,1329","104,2274","14,7268","4,0136","7,7613",c
"160,4841","132,9944","136,5485","3,8984","13,8332","15,6025","123,0574","46,1813","161,2012","24,3051","19,1471","4,4414","144,7025","135,3161","113,8214","12,7436","3,1831","7,3776",c
"158,9479","133,9278","140,5669","3,7686","11,512","11,6673","130,0304","40,6843","159,1589","11,0683","15,6484","3,8944","146,0681","135,7126","115,5891","10,4192","2,8006","5,3775",c
"165,8187","139,088","142,9693","4,3006","13,5506","12,7087","125,0566","42,3319","165,9007","11,6661","19,6545","4,258","150,7164","135,133","114,4085","11,7913","4,3889","6,6432",c
"162,9885","123,0731","134,8935","4,3769","15,6831","16,4794","130,899","62,8816","163,1463","7,8302","21,7025","4,5504","137,8096","141,1471","108,2579","14,3605","3,6309","7,641",c
"155,1452","116,513","120,8296","4,0607","11,3546","11,3955","123,6614","63,9916","155,1455","3,4172","14,7471","4,061","129,4203","138,3529","107,731","10,5184","2,5737","4,811",c
"152,8018","118,6018","127,1398","4,4947","11,6101","11,5617","128,1842","57,3486","152,8224","4,886","15,1584","4,5145","132,1017","138,6752","110,705","10,7424","2,5601","4,7308",c
"145,5673","107,4925","114,2781","6,1728","13,0486","14,3516","125,9579","67,1869","145,5673","3,728","16,4293","6,1728","120,744","139,2325","108,1196","12,746","2,2797","4,9222",c
"159,5219","123,8278","129,8228","3,5677","9,218","9,5449","125,2956","57,4462","159,5222","4,2575","11,6027","3,5675","136,89","138,0666","109,7072","8,4698","2,324","3,9131",c
"161,7333","126,5805","139,5638","4,5265","10,7397","10,0349","131,723","55,5938","161,7543","4,58","13,6068","4,5275","141,0154","140,1785","110,9452","9,7272","2,6338","4,4517",c
"161,9033","137,843","152,8468","3,622","8,5666","8,6503","140,6566","38,6071","162,3569","7,9242","9,9027","4,2315","151,6826","138,2762","117,3579","7,8249","1,8531","3,6516",c
"159,7705","142,9833","154,8745","3,7158","6,6673","7,2111","143,1175","27,9607","160,5657","10,0554","7,2741","4,2928","155,4397","135,6487","120,7117","6,173","1,5486","2,8586",c
"156,1241","128,947","144,5319","3,8017","9,7736","9,9022","138,9717","45,4072","156,7446","8,4512","11,1133","4,8244","143,3127","139,2873","115,5747","8,9848","2,1108","4,1603",c
"159,4101","133,6601","147,4038","3,9542","8,8991","9,7144","137,7509","41,7644","159,7347","7,6253","9,9114","4,3645","147,5063","138,2446","116,1924","8,3624","1,4944","3,6184",c
"161,1482","126,4582","134,8681","4,289","12,3864","12,1297","128,1534","55,1377","161,1534","4,9727","16,1016","4,2936","139,9772","138,6527","110,5751","11,2176","2,7792","5,3343",c
"157,3975","131,7234","145,0999","3,5045","9,5266","9,6119","137,6735","42,3167","157,8187","8,2725","11,7032","4,132","145,4547","138,1399","116,1393","8,6948","2,1294","4,2318",c
"162,4989","132,3387","146,7258","3,8314","12,1736","11,924","136,3822","47,989","162,8601","10,1976","15,7271","4,2506","146,6151","139,5529","113,8695","10,9645","2,921","5,5707",c
"153,7041","125,568","136,4409","4,6989","13,6762","13,7014","133,8678","47,5597","154,1945","14,9838","18,9778","5,2042","138,9737","138,0282","114,3524","12,5005","3,1246","6,5504",c
"156,5413","134,8849","148,3954","4,7064","9,2947","9,3856","139,1618","36,4028","157,2684","18,2327","11,1265","4,9979","148,2393","137,3402","118,3402","8,499","2,2572","4,1754",c
"160,339","135,6288","147,314","3,5149","10,3166","9,9659","136,215","39,9726","160,7246","10,3974","12,614","4,0852","148,8559","137,2995","116,475","9,2992","2,2765","4,435",c
"159,7017","124,4172","135,8252","4,9852","13,1353","13,5733","131,3049","56,5972","159,7497","6,351","17,6963","5,0037","138,6281","139,795","110,6432","12,122","2,7825","6,0039",c
"144,1761","111,8796","125,1469","4,5739","12,0968","11,3759","133,8773","57,4941","144,2814","6,2396","17,7297","4,6918","126,1227","139,9741","112,2431","11,1047","2,9466","5,4214",c
"157,8958","120,2984","131,1954","4,8985","13,1164","12,8695","129,7596","61,0156","157,8977","4,3213","17,0265","4,8992","134,6476","140,3121","109,2756","12,0661","2,7158","5,4818",c
"163,4895","140,0888","152,4594","4,5849","13,7881","13,769","140,1065","38,412","164,7058","15,4014","16,802","5,3449","153,2189","137,3098","117,2448","12,4808","2,9853","6,3627",c
"156,7548","123,3704","133,3237","4,8151","11,926","11,298","130,0016","54,6306","156,8097","6,2876","15,2994","4,8783","137,107","138,8323","111,4274","10,7957","2,7739","5,0059",c
"160,269","131,2716","140,7876","3,4364","10,4408","9,8506","130,8582","46,3475","160,3309","5,8664","13,861","3,4866","144,4447","137,5972","113,8682","9,3565","2,5688","4,5323",c
"157,9816","130,8228","143,7939","4,1197","8,85","9,9557","136,0446","44,2134","158,1967","7,6763","10,9531","4,3731","144,6284","138,3019","115,2652","8,3423","1,766","3,9722",c
"155,4609","130,9041","142,9052","3,2388","8,0023","8,2718","135,3202","40,7345","155,7481","13,1548","10,8525","3,5664","144,2484","137,4161","116,5185","7,2921","1,9248","3,8901",c
"158,5475","128,1245","141,2279","4,1164","9,4241","9,189","134,1767","49,2246","158,7072","7,6475","12,3901","4,2608","142,2171","139,2011","113,5517","8,5341","2,2888","4,3582",c
"148,9883","117,0905","129,1552","4,4606","10,1638","11,1415","132,9128","54,9991","149,2147","8,7543","14,1573","4,7026","131,1589","139,285","112,3582","9,6349","2,1542","4,8685",c
"155,871","127,5413","143,0593","4,5242","10,7567","9,9026","138,2647","47,1758","156,3671","11,0907","13,5084","4,9261","141,9776","139,5902","114,9589","9,6788","2,5435","4,871",c
"157,2209","134,3563","147,2963","4,4007","10,0087","9,7246","138,932","37,9247","157,733","8,7904","12,0125","5,0313","147,7037","137,3884","117,6262","9,0683","2,5315","4,1172",c
"161,101","128,8874","140,4014","4,0577","8,9046","9,16","131,7623","51,1014","161,146","5,6758","12,0825","4,0731","142,7848","139,0129","112,4027","8,1484","2,2123","4,1823",c
"159,6957","134,9087","140,732","3,9306","8,52","8,016","127,3351","39,6866","159,703","5,7683","11,5612","3,9284","146,7985","135,314","115,6292","7,6763","2,3094","3,7254",c
"155,3436","128,6877","144,2023","4,494","10,5905","10,2354","139,3118","45,151","156,2524","13,9903","13,1071","5,3483","143,0113","139,1895","115,8874","9,5745","2,5601","5,0869",c
"151,8995","122,3922","136,6013","4,9107","10,4247","10,2495","134,8957","50,321","152,3525","14,6454",13,"5,3505","136,7056","139,4443","114,0359","9,5777","2,3823","4,712",c
"156,6995","117,5917","127,4052","5,1549","11,8865","13,0592","128,417","63,8058","156,7251","5,3715","16,4077","5,1715","131,8651","140,28","108,2897","11,2104","2,6625","5,561",c
"163,8363","129,742","139,5675","4,6166","10,7098","9,7784","128,9154","53,2466","163,8553","5,2225","14,1673","4,6459","143,4547","138,923","111,2304","9,4882","3,0532","4,7549",c
"158,9574","126,2801","126,0228","5,5763","13,6308","17,3608","121,1192","57,2276","158,9978","9,7573","21,0129","5,5727","137,7281","135,358","110,4699","13,1189","3,2958","7,0709",c
"164,7135","139,2736","137,612","4,1592","9,1708","11,0136","118,6785","43,0543","164,7135","3,9024","13,2861","4,1592","149,5898","132,8792","114,3121","8,7931","1,6612","4,1857",c
"162,265","140,0919","156,9869","4,813","8,7491","8,4902","143,3988","36,3073","163,2817","15,4014","9,0547","5,6714","154,1172","138,5385","118,6296","7,9488","2,0553","3,7409",c
"161,9062","137,4134","151,9934","4,9314","9,8921","9,4634","138,91","39,0353","162,1976","12,177","12,7217","5,2884","151,197","138,255","117,0436","8,8128","2,8541","4,3143",c
"156,8584","131,7465","142,6839","4,1227","10,0712","9,5319","133,1727","41,4312","157,1745","15,4191","12,3863","4,5071","144,8972","137,1558","116,0827","9,0317","2,5861","4,3141",c
"155,6519","116,134","128,7428","6,7048","15,0884","16,4994","131,0768","65,5037","155,9104","10,4021","19,034","6,7498","130,9347","141,4","108,4067","14,3672","2,7358","6,6352",c
"160,9757","130,6264","149,5293","4,8363","11,1552","11,6168","140,499","49,0944","161,6116","7,8825","13,2904","5,5626","145,9508","141,1355","114,472","10,3322","2,2497","4,9127",c
"155,0862","123,9617","140,3722","5,446","12,2976","11,6183","138,204","52,4402","155,8804","9,6599","15,3108","6,2189","138,878","140,5695","113,5452","11,1253","2,9761","5,5916",c
"163,3966","143,5176","156,1128","3,7645","8,9982","7,4995","138,3014","31,9189","163,9108","19,7191","10,3579","4,3863","156,3736","136,5453","119,2291","7,7564","2,5488","3,7829",c
"155,1931","129,066","137,2043","4,7439","11,0885","11,0403","130,7767","43,6094","155,4538","11,8222","14,5197","4,9226","141,6911","136,5255","115,1226","10,0322","2,8296","5,0579",c
"162,6665","137,3075","150,9558","5,9063","15,5714","15,4395","136,3556","41,9841","164,0176","25,5256","17,9361","6,8135","150,927","138,2135","116,3477","14,1599","3,2787","6,809",c
"160,7642","136,8018","150,976","6,509","12,5026","11,5854","135,0323","40,3255","162,1378","27,6738","14,5396","6,7978","150,4299","138,0721","117,1988","11,2059","3,0838","6,0936",c
"150,9929","123,291","135,0582","4,1589","8,9722","9,2","133,7199","46,939","151,0275","5,9107","11,8656","4,1873","136,8775","138,1312","114,732","8,3131","2,1757","3,8102",c
"157,4231","136,6083","141,4089","6,1642","11,133","13,0873","128,0848","34,6389","157,9089","18,7927","12,2584","6,7292","147,9505","134,124","117,5071","10,7173","1,61","4,701",c
"158,8104","131,378","136,6044","4,483","10,1639","12,4925","127,3291","44,567","159,0544","13,0685","13,6674","4,7298","143,4709","135,8093","114,0835","9,7303","1,9894","5,054",c
"158,8159","135,2436","140,0234","4,3662","9,5446","12,3526","127,6301","39,243","159,3419","16,0086","11,9066","4,8054","146,8222","134,6975","116,0989","9,2456","2,0282","4,6048",c
"153,0305","118,2413","117,4479","5,8081","12,7449","16,0274","121,0171","62,9366","153,0969","8,0197","21,0162","5,8465","129,7544","135,8166","109,1438","12,3444","2,7152","6,5065",c
"155,4887","120,94","125,8949","7,326","15,3946","19,5381","127,4771","58,9342","156,0426","12,4748","21,3156","7,6037","133,6725","137,6879","110,0799","14,9516","2,725","7,7711",c
"158,5557","125,461","137,83","4,0974","11,1885","11,5973","132,8848","53,5981","158,7129","7,5511","14,7594","4,3672","139,6605","139,6029","111,9629","10,2537","2,6903","5,0679",c
"147,5412","118,5215","118,9642","4,9094","11,5312","14,0563","121,5078","53,2467","147,5514","6,5537","16,4802","4,9234","129,736","134,7007","112,3847","11,3048","2,1794","4,9281",c
"157,2197","134,6968","136,3037","5,0981","12,006","14,1149","123,8111","38,8047","157,2271","8,5333","16,7421","5,1029","145,5094","133,4279","116,2247","11,391","2,4824","5,3251",c
"154,1941","122,9116","118,4719","4,8559","10,7525","14,526","117,5395","60,8795","154,2236","8,8986","20,1867","4,8364","133,3635","133,6339","110,6647","10,5322","2,3386","5,776",c
"159,0383","127,8932","130,0981","4,2856","12,1354","15,2018","123,187","51,7778","159,2833","16,1812","18,297","4,4978","139,6994","135,7321","111,708","11,6115","2,3872","6,5151",c
"156,7814","123,0806","124,1474","6,6847","14,9566","19,0299","121,5187","59,5085","157,2894","19,3979","22,9314","6,8611","134,9199","136,1812","110,1091","14,3977","3,0374","7,8293",c
"158,446","130,5205","136,7384","6,6945","14,4957","17,4644","129,0521","46,7836","159,1127","17,6406","19,6514","7,0236","142,8517","136,3642","113,9346","13,7945","2,7917","7,4208",c
"153,2154","126,5743","125,2743","6,8344","14,354","17,7762","118,6794","50,3007","153,5272","18,2164","22,7155","6,9677","137,2147","133,5809","113,5074","13,9034","2,6697","7,0583",c
"156,7537","124,5504","125,4766","6,5638","13,462","17,8856","123,0997","56,4876","156,9008","9,4971","20,0216","6,6402","136,1614","135,6551","110,8711","13,3891","2,1037","6,1488",c
"161,5689","130,0258","132,3281","6,7421","13,707","18,4719","125,0901","53,9132","161,9395","12,8444","19,8053","6,7779","141,8673","135,8774","111,5196","13,4813","2,8302","6,8958",c
"146,6495","100,367","93,2683","10,3278","18,6015","27,1417","118,1225","98,0261","146,9909","13,803","32,9646","10,6068","111,5088","137,7856","101,7005","19,2605","2,9226","9,0565",c
"152,1915","127,5486","133,7107","6,863","12,388","15,2856","128,4556","42,5096","152,5978","16,4544","14,3812","7,3397","139,6026","135,5342","115,605","12,1254","2,4341","5,1014",c
"155,7954","126,3079","136,4241","7,1275","14,9498","17,1898","128,603","50,7612","157,1896","24,1789","17,9288","7,9408","139,6714","138,1205","113,5481","14,1814","2,8814","7,4544",c
"155,4724","130,8194","140,4252","5,9506","10,4821","12,4191","133,3358","41,6958","156,3197","15,1792","12,7319","6,5254","143,5847","136,6884","116,1055","9,9949","2,2913","5,0522",c
"150,0791","114,3546","113,4601","5,1218","12,8059","16,9964","121,1724","65,7454","150,1258","8,2999","21,6326","5,1739","125,8779","136,1086","108,5104","12,7017","2,5279","6,6422",c
"154,1228","122,027","125,1975","3,9762","10,5388","11,6871","123,3646","53,7553","154,1296","6,3726","15,0641","3,9773","134,1243","136,3107","111,1864","9,8596","2,5588","5,0568",c
"155,0444","130,0811","134,8017","5,9466","10,8211","13,8012","126,0637","42,19","155,4874","18,0983","12,6155","6,234","141,8068","135,0644","115,2692","10,6896","1,511","4,8715",c
"156,9886","127,8735","131,4712","5,0511","11,8055","15,767","125,527","48,6601","157,3423","14,7362","14,7052","5,4987","139,8118","135,6882","112,9077","11,7071","1,7451","5,4856",c
"160,1955","141,4022","145,2844","4,8667","9,1513","11,6892","126,3025","31,2201","160,8343","20,9011","11,0851","5,3098","152,312","133,2883","118,5775","8,8833","1,5651","4,5393",c
"154,6287","120,899","124,7358","5,6796","12,0279","15,017","125,157","57,0785","154,9316","11,5065","15,7904","5,8759","133,304","137,0039","110,3904","11,7009","2,2935","5,8893",c
"157,5777","128,7862","134,6809","4,6774","14,6557","17,357","124,2111","48,4607","158,6469","28,7237","20,2886","5,5069","141,1524","136,5228","113,3717","13,7836","2,8234","8,1778",c
"157,0927","131,6126","137,1175","6,7311","14,9937","18,4745","126,8135","43,6785","158,0222","24,8231","20,0693","7,1376","143,5513","135,5904","115,1066","14,4184","2,5381","7,8034",c
"153,6986","132,1386","131,6519","5,4761","13,1821","17,1078","122,3963","41,3761","154,1495","20,1332","20,0696","5,8118","142,4558","132,5737","116,4267","12,8903","2,5142","6,3155",c
"148,6755","114,5563","110,2226","7,0307","12,9753","16,8779","117,7033","68,7774","148,6897","7,4011","20,0465","7,0325","125,2069","134,5132","108,9604","13,0068","2,8501","5,5302",c
"145,3503","125,7297","128,3237","4,8929","11,0301","14,4797","124,5051","37,3176","145,9673","24,0131","15,1594","5,701","136,5529","133,189","117,7456","10,9214","2,1227","5,3079",c
"153,1447","113,1798","111,807","8,3358","16,031","21,0908","121,4497","73,7226","153,5164","10,8174","24,1316","8,4678","125,0425","137,1626","106,1959","15,9897","2,3965","7,6179",c
"159,7338","136,4327","142,0979","4,5669","13,6199","17,565","127,0275","39,8051","161,1231","29,1973","16,4085","6,1298","148,1763","135,0452","116,3565","13,1735","2,0576","6,9141",c
"158,0775","120,2253","121,2262","6,5003","14,566","19,2082","122,7478","65,197","158,5253","13,8503","22,9433","6,7014","132,4651","137,2294","107,8249","14,1391","2,9649","8,0722",c
"156,0924","127,363","132,2853","7,6839","17,2265","20,7409","128,9674","49,4457","156,8598","18,7612","23,4014","8,0226","139,481","136,2348","113,2283","16,6133","3,0528","8,3574",c
"154,8507","122,2169","129,1112","5,0848","12,2936","14,9036","128,0091","54,5263","155,201","12,1295","17,1328","5,3738","135,1797","137,7432","111,3739","11,765","2,4799","6,3366",c
"154,6638","133,8932","135,559","6,1328","14,7614","17,3953","116,7084","38,0108","155,3937","32,05","19,8688","6,5935","144,5565","133,1489","117,1268","14,0725","2,7527","6,9232",c
"148,1113","119,2201","113,4875","5,8458","12,4375","18,0467","116,6712","62,1217","148,3496","16,1205","24,2756","6,0938","129,1426","132,7336","111,6467","12,6433","2,471","6,587",c
"150,35","107,8091","101,6956","8,8696","16,8468","23,8418","118,0512","86,0717","150,5477","13,2446","30,204","8,9377","118,8896","136,6095","104,0836","17,2274","2,2193","8,0301",c
"158,185","127,4277","128,5877","4,5587","12,0895","14,818","121,842","51,5196","158,3276","13,3034","17,2467","4,6485","139,0135","135,2665","111,7521","11,5963","2,2634","5,9034",c
"152,1383","117,8657","112,8597","5,4758","13,4791","16,7033","117,348","67,0788","152,1383","5,1992","22,5967","5,4758","128,4188","134,3373","108,851","13,2108","2,1517","6,312",c
"157,2351","128,7261","127,7099","4,5486","11,7207","14,378","120,8025","50,8361","157,2756","9,3803","20,0764","4,5381","139,6202","134,0278","112,6433","11,1073","2,5289","6,2338",c
"162,3342","138,955","152,6481","3,5476","8,9858","8,7621","137,9183","37,8256","163,0799","18,0067","10,9922","4,5894","152,4194","137,6715","117,5086","8,0281","2,1755","4,3699",c
"162,1907","139,2156","148,1769","3,4434","8,5076","10,0293","133,2648","36,9193","162,7308","14,3965","10,5078","4,2415","151,5898","135,9845","117,0276","7,9887","1,5994","4,2833",c
"163,5832","143,0722","150,8063","4,0952","10,1118","12,126","133,3518","33,8173","164,8167","25,372","14,5717","4,3477","154,8988","135,0492","118,1712","9,3563","2,1629","6,1277",c
"149,5957","128,282","133,652","5,0174","10,7296","12,0138","127,8177","37,3694","150,0483","20,7088","13,5718","5,545","139,8391","134,4917","117,2942","10,1718","2,019","4,94",c
"156,2943","131,4806","137,0389","5,7271","11,0475","12,745","125,4893","41,5223","156,8683","23,8131","16,0664","6,0445","143,4028","135,3622","115,5061","10,3553","2,5992","6,166",c
"156,6546","132,8482","135,729","5,5946","14,8051","16,7284","116,0466","42,4156","157,7502","32,6987","19,6915","6,485","144,0684","134,2753","115,6854","13,7498","3,2911","7,8796",c
"162,607","137,3886","142,6353","6,3947","14,6558","17,1453","120,392","42,5","164,1189","35,1181","18,6376","7,0228","149,1771","135,3657","115,3109","13,663","2,672","7,9521",c
"150,9945","130,9209","135,2369","6,102","16,8065","19,1235","112,2833","39,124","153,1905","44,4059","21,9176","6,982","142,1205","134,0539","117,7843","15,8326","3,2637","9,0468",c
"155,6019","138,5213","146,2722","10,3714","19,2011","21,0547","105,8415","38,0646","160,4782","54,6494","18,9795","11,582","150,1022","134,5798","119,8851","17,9305","3,5856","9,8268",c
"160,0622","134,0988","136,8513","5,794","11,3715","13,4108","121,2625","42,7353","160,5849","22,7909","16,4363","5,9601","145,5","134,6249","114,566","10,69","2,3323","6,4661",c
"160,3228","134,8061","137,7192","6,009","12,1086","14,3049","122,1595","42,5645","160,9618","25,3219","18,3321","5,9935","146,2011","134,6017","114,8357","11,3302","2,4924","6,9802",c
"158,292","134,524","139,4656","8,1519","19,9731","21,3034","111,0694","44,4088","160,7835","42,3822","22,2315","9,38","146,1444","135,1074","115,9322","18,3782","4,0907","10,2424",c
"158,0885","133,4294","137,374","6,367","14,255","15,3976","118,3426","42,5261","159,0879","32,4153","18,9831","6,4279","144,949","134,8268","115,3909","13,0888","3,3597","7,6058",c
"156,6197","140,5166","142,2514","6,1889","16,8868","20,8615","98,3656","35,686","159,8317","49,2618","21,5462","8,1418","150,7212","132,223","119,6675","16,0604","2,9881","9,3351",c
"157,8473","134,2448","137,4615","6,9619","20,1308","23,3085","105,3908","44,8259","160,3481","45,0871","25,9844","8,3173","145,4778","134,5637","115,7945","18,8703","4,0581","10,94",c
"165,3595","141,542","149,0296","7,8658","20,2523","22,0081","114,6371","42,4614","168,343","46,7012","23,4012","9,0507","153,5675","135,9325","116,3423","18,5617","4,0972","10,7119",c
"156,5707","135,44","141,6633","7,359","19,0268","19,1245","120,7924","37,6079","157,8956","38,6262","23,3181","8,1883","147,05","134,8612","117,5019","17,4798","4,2674","8,47",c
"151,5614","123,2095","127,5918","8,2799","18,82","19,4282","118,7222","50,5544","152,0823","27,6483","26,6177","8,4449","135,1715","136,0146","113,2386","17,4458","4,7873","9,0524",c
"157,4218","128,9004","127,5695","5,9925","17,267","21,7175","110,519","54,619","158,7431","31,7161","26,6858","6,5993","139,7128","134,1703","112,5512","16,4535","3,7466","10,1261",c
"143,8243","103,859","116,8649","12,0162","21,2752","22,5389","126,7973",74,"145,3564","28,3513","27,6168","12,3253","118,6394","142,2365","107,8606","20,3137","4,3798","10,419",e
"162,5277","108,8318","105,491","8,5816","19,7931","24,6713","120,2648","92,4698","162,6037","8,2322","33,7216","8,5292","121,8312","140,767","98,6449","18,9338","4,2281","10,6861",e
"157,5151","96,829","90,1868","6,182","19,8116","20,07","117,0165","109,5172","157,5151","3,0407","30,6178","6,182","109,8255","142,274","94,1477","17,9632","6,4657","10,0681",e
"164,6915","101,7822","109,3946","6,8905","16,0353","18,0808","124,3946","98,45","164,6967","4,9101","24,9564","6,8834","118,1317","146,5274","95,1531","14,5165","5,0304","9,3042",e
"161,5092","94,7751","105,5236","8,0461","20,764","24,3111","125,4716","105,9036","161,5865","9,3334","30,1106","8,0238","112,1846","148,987","93,3219","19,419","5,9509","10,8343",e
"162,4315","98,0444","108,1212","8,2643","20,3666","22,0468","125,939","101,8057","162,5151","7,346","30,4955","8,2494","115,0633","147,9992","94,5655","18,5554","5,8965","11,0741",e
"166,7903","102,4443","115,3854","7,1215","18,1912","20,4181","127,1535","98,6103","166,8086","5,4374","26,7089","7,1176","120,14","148,5032","95,1735","16,6696","4,9895","9,9211",e
"160,0008","100,4854","105,4992","7,1422","21,9352","22,1125","122,786","95,8712","160,0008","3,1707","31,0327","7,1422","115,7584","144,9985","96,3827","20,0538","6,1136","10,5421",e
"157,6162","101,7918","107,7644","7,1096","19,8236","22,4044","123,7696","92,1599","157,6168","6,6093","26,5858","7,1101","116,8349","144,1527","98,5294","18,6033","5,3433","9,2633",e
"164,7412","100,1516","99,6617","9,1789","21,9245","24,9563","121,1768","106,7572","164,7579","7,0415","32,2719","9,1733","115,0505","145,1701","93,1608","20,1407","6,1097","11,4254",e
"158,9105","97,8367","94,0921","7,4986","25,099","28,5209","118,4944","107,5734","158,914","5,6946","39,3322","7,4948","111,5691","143,5673","94,3632","23,3491","7,6187","13,1195",e
"162,9005","107,3418","105,2654","7,9941","22,5054","23,7478","120,0687","93,5139","162,9637","7,6838","32,6435","7,9624","120,7716","141,689","97,7793","20,5457","6,0443","11,4462",e
"159,5766","95,6624","94,899","7,441","25,0117","27,7073","120,0986","108,4571","159,5774","5,0854","38,4063","7,4394","110,3039","145,2903","93,2229","23,1128","7,504","12,8717",e
"148,5936","97,4155","97,1348","9,3502","21,5504","21,7336","120,9574","93,2891","148,6215","8,8631","33,9661","9,3355","110,4434","141,3729","99,8827","19,8613","5,9599","11,1059",e
"150,5367","99,4673","103,3442","8,5195","23,6141","22,7727","121,9405","87,5446","150,5407","4,1114","34,8332","8,5194","113,3879","142,4415","100,5635","21,6604","6,7666","11,2638",e
"157,4649","112,247","104,0346","6,4189","20,3347","21,941","114,3437","87,4102","157,5442","7,759","34,3122","6,3127","123,4038","136,8222","102,5397","18,447","7,0109","11,7227",e
"161,3764","108,9033","101,5056","10,9834","22,9283","29,5232","116,9665","97,6245","161,7333","14,771","43,1327","10,5512","121,105","139,6914","98,8318","21,8327","5,9468","13,4886",e
"157,158","109,8005","109,3713","5,0731","19,2381","21,4891","121,1461","80,3575","157,237","8,5375","31,1752","5,053","122,63","139,7433","102,2995","17,8792","4,9403","10,6272",e
"158,3584","106,8733","99,3077","7,7167","21,7084","26,0464","118,0691","97,042","158,4073","8,5458","39,4893","7,6759","118,8269","139,2002","99,2203","20,2557","6,1139","12,4555",e
"157,6517","103,0554","94,8452","9,1096","23,9254","28,8739","118,6967","105,1266","157,8149","10,6232","42,0296","9,0178","115,2437","140,3169","97,4132","22,3299","6,7307","13,1632",e
"166,0254","98,7373","103,128","8,4163","23,0808","24,8981","122,7686","104,8161","166,028","4,278","31,8186","8,4171","114,8771","147,2653","92,2737","21,3235","5,9528","11,1619",e
"156,4737","89,2159","98,6774","9,2256","22,6316","25,7409","124,8612","111,6311","156,4833","5,8714","32,226","9,2212","106,2886","149,1452","92,5893","21,4308","6,4592","10,6388",e
"166,7569","103,9415","113,7532","7,5717","18,5008","18,7211","125,138","96,0868","166,7633","3,5812","27,2537","7,5693","120,7239","146,9927","95,5539","16,5851","5,9463","9,7673",e
"153,6206","116,614","133,2641","11,1199","16,194","17,9468","132,3617","64,5911","155,7969","26,3588","19,6453","10,6882","132,1311","142,2923","110,3571","15,3574","3,3229","8,9731",e
"152,6559","103,4442","129,0274","13,058","19,8318","17,0967","134,5817","85,1735","154,7379","22,5845","24,892","12,8622","122,3837","148,5162","105,0101","17,5722","5,5013","10,4169",e
"155,3274","112,7034","139,3943","9,8088","15,9301","12,862","138,9966","71,6343","156,6189","17,7713","21,3546","9,9539","131,3354","146,984","108,8794","13,6409","4,9489","8,4496",e
"154,8976","114,092","138,9267","8,476","20,8532","17,1447","139,6158","68,9756","155,6461","14,5848","25,6245","9,312","131,993","145,9267","109,5297","18,3823","5,4656","8,2247",e
"135,1679","100,4301","124,6566","7,0607","17,2374","13,906","143,6002","68,0607","136,4886","11,4722","24,6591","8,1318","117,4215","144,7356","112,39","15,3475","4,8377","7,5616",e
"128,8404","98,867","123,866","9,0679","17,9635","15,1513","142,8335","65,0709","131,8857","25,9379","20,6461","11,3306","115,5103","144,0138","115,0512","16,3546","4,5529","7,3729",e
"150,1376","117,3765","134,0564","7,545","16,7455","16,6506","138,0273","57,6702","151,2249","14,8741","20,6904","8,1659","132,4489","141,2266","112,6032","15,6351","3,3318","7,3457",e
"154,7692","122,7138","137,9893","7,2929","16,6565","15,6339","133,6762","54,5832","155,61","21,1709","20,0235","7,7443","137,4141","140,4526","112,8587","15,1803","3,7803","7,1129",e
"153,6684","122,1038","139,109","6,6849","15,0291","14,3069","138,4218","54,0208","154,6087","13,7509","18,3148","7,4805","137,1785","140,9364","113,392","13,7177","3,3839","6,5539",e
"145,5634","105,035","119,4453","11,0141","18,1569","20,1329","130,0912","73,2311","146,9756","24,563","25,5433","10,8825","120,2617","142,7171","107,8445","17,4254","3,9886","9,8801",e
"156,7211","115,4378","127,6435","9,2397","18,7679","20,2357","127,5864","68,9553","157,7204","22,5687","26,7184","8,7657","130,3675","141,9209","107,4012","17,448","4,6979","10,4124",e
"149,2441","115,3246","124,4215","7,3728","15,9833","16,7635","129,7051","58,7528","149,5205","13,6091","21,52","7,4935","128,8277","138,9062","110,8528","15,105","3,3774","7,0538",e
"144,9296","101,2066","109,1526","13,1023","20,0204","25,3168","124,6717","79,3862","146,1033","23,2249","27,7307","13,123","115,2033","141,6947","105,102","20,0454","3,7849","10,9794",e
"161,6026","128,2268","140,654","5,6445","14,4763","14,9865","133,678","53,5902","162,2094","14,5372","19,9006","5,8266","142,4652","139,7276","111,8568","13,236","3,1643","7,4149",e
"157,1118","125,3755","135,7232","7,4966","15,2916","15,3196","127,8635","52,5166","157,6739","24,6037","21,7587","7,6007","138,9938","138,7178","112,3832","13,9355","4,0085","7,9215",e
"158,3417","119,3575","131,0451","7,8374","13,8218","13,7326","129,3197","63,3472","158,7444","14,5851","19,0527","7,8887","133,9994","140,8694","108,6937","12,5864","3,6333","7,026",e
"151,1112","111,3984","116,3632","7,9951","18,2997","22,1657","125,9736","68,9688","151,3384","11,6393","25,1775","8,1578","124,5224","139,2128","107,0768","17,8349","3,435","8,5828",e
"157,4656","115,9565","126,329","10,6869","15,934","18,6013","128,1718","69,3763","158,955","21,3366","21,0145","10,4693","130,5908","141,342","107,1031","14,9785","3,5243","9,3097",e
"151,6759","112,0227","124,5631","11,8147","18,3379","20,8091","126,1092","70,3972","153,9199","28,7987","21,6273","11,3661","126,8872","141,7177","108,1993","17,4962","3,3211","10,0979",e
"150,621","110,2824","122,7296","9,5803","19,1535","20,5482","129,3026","70,3296","151,7169","21,9813","24,9951","9,7645","125,0891","141,8787","107,7858","18,1639","3,7379","9,3676",e
"143,7763","105,6168","96,6234","9,3365","16,9168","21,9953","116,2032","86,8882","144,0271","14,5497","30,9764","9,3671","115,6307","134,5903","105,9603","16,787","3,5883","8,3963",e
"152,7072","116,7414","114,669","6,3227","15,3068","19,8217","119,5386","68,1397","152,7693","9,0439","23,9597","6,3776","128,0875","135,7878","108,3316","14,9519","3,8684","7,2743",e
"151,3981","117,8784","136,9372","6,979","16,3511","15,9312","135,9238","60,0254","153,6573","25,295","21,0262","7,9109","133,6947","142,2552","112,5518","14,7106","4,3318","8,4676",e
"146,4264","90,7056","99,9725","13,6851","22,5844","27,5346","124,6506","99,1685","147,4464","20,5832","32,3454","13,701","106,1774","145,8968","98,6142","22,284","5,0323","12,3211",e
"152,7547","112,7479","121,6083","10,6291","19,0951","19,7143","124,8934","68,0034","153,3596","22,823","26,9724","10,7108","126,7893","140,5668","107,511","17,7968","4,5881","9,7948",e
"136,6527","79,2034","87,6265","17,1239","24,7151","29,2874","122,5824","109,3813","137,0363","19,1511","37,9832","17,0955","94,1825","146,6945","97,0928","24,8669","7,0046","12,1319",e
"157,7429","117,4225","132,9177","11,4839","21,7335","22,8247","129,9966","67,1954","158,9443","27,3366","28,85","11,6344","132,9846","142,7978","108,4122","20,2177","5,1931","10,9478",e
"150,2483","103,663","113,4911","13,5119","17,9616","20,2482","123,4182","81,4113","151,716","26,1643","24,385","12,8301","118,5227","142,837","103,9773","17,1976","4,3292","10,5955",e
"144,0086","102,7584","114,1775","11,2959","21,1633","24,075","131,516","74,5301","144,3526","10,7982","28,5096","11,4538","117,2252","141,9969","106,8944","20,7943","3,893","9,1463",e
"145,1708","104,7761","113,8424","11,3551","19,4667","22,3633","127,6677","72,1849","145,6201","18,1243","27,3523","11,4139","118,7028","140,954","107,0983","19,0763","4,0063","9,3969",e
"145,0008","97,0546","108,6308","14,7856","21,8534","24,9012","126,694","86,2857","146,0976","21,9002","30,8767","14,7355","112,2662","144,1241","103,2443","21,2473","5,0804","11,9288",e
"147,2806","95,225","103,7446","12,4885","24,3769","29,1829","126,9218","92,5934","147,6412","12,7012","31,278","12,6202","110,0504","144,4031","100,5039","24,186","3,8674","10,3259",e
"146,9563","104,04","120,2692","12,0282","19,6764","20,7401","131,405","76,4985","148,2278","24,7575","27,8134","11,6619","119,9389","143,9977","106,8326","18,614","4,5083","10,2675",e
"151,0148","119,4053","130,9102","7,0645","14,6593","14,3542","127,7355","55,0203","151,8795","26,4058","19,826","7,4601","133,2689","139,1073","112,4885","13,4122","3,7607","7,5323",e
"143,3481","92,8858","97,3276","10,3896","25,9355","28,0528","123,8933","92,2338","143,6164","13,9583","39,0407","10,4998","106,6412","142,9763","100,6875","24,7271","6,0793","12,3066",e
"154,7902","113,9876","124,9759","9,7719","17,1703","18,666","128,56","69,1726","155,9969","20,4134","22,0926","9,553","128,5879","141,396","107,4567","16,209","3,5523","8,885",e
"155,0269","99,8058","105,3953","7,1163","25,832","28,0225","124,9251","91,8608","155,1345","9,1796","38,4674","7,1434","114,6444","144,3895","98,6386","24,1185","6,5273","12,9609",e
"148,4226","90,6677","98,762","12,5608","25,7625","27,7255","123,6379","100,9042","149,0998","20,4438","38,1392","12,6721","106,128","146,2404","97,3621","24,2649","6,5178","13,5086",e
"150,6116","95,0008","105,3545","13,5213","23,2344","26,2299","124,695","95,3736","151,3421","22,006","34,6095","13,2995","110,8512","145,9992","98,9843","22,2389","5,7035","12,7316",e
"150,9549","101,5995","107,7512","7,1274","22,5983","24,7284","125,787","84,9155","151,1042","10,3606","34,6166","7,158","115,9201","142,7072","101,8669","21,1055","5,8582","11,8119",e
"150,7918","94,7805","99,3328","13,7107","25,2773","28,232","122,0235","96,4355","151,3737","20,3249","39,4485","13,7509","109,4268","144,5793","97,9425","23,875","6,7693","14,068",e
"153,4703","107,0477","104,2445","8,0401","18,744","22,956","118,7234","84,3961","153,5148","9,8317","31,2983","8,0309","119,2039","138,7852","102,3945","18,135","4,2127","9,6168",e
"146,4363","88,542","93,2197","9,095","26,4978","30,2422","124,5886","103,4124","146,5668","9,5462","41,7629","9,1564","103,2829","145,6073","96,7047","25,2296","6,9003","13,5577",e
"153,3591","96,6336","95,2993","13,6398","23,8329","27,0723","119,6208","101,1537","153,9732","18,5284","37,9824","13,4292","110,2289","142,9987","96,906","22,5245","6,1856","13,4123",e
"157,2257","118,1514","123,4943","7,1989","17,947","21,045","125,2879","64,6364","157,4286","14,0438","28,4013","7,1435","131,3964","139,1207","107,6614","16,9719","4,1726","9,7958",e
"145,8829","84,4884","94,0092","13,3423","27,228","30,436","125,6323","109,2689","146,2124","13,821","38,8925","13,4497","100,4891","148,0515","95,3641","26,3231","6,3238","12,7068",e
"141,2634","84,4519","98,7974","10,9739","26,8383","27,8202","129,3961","104,4164","141,3273","6,2036","39,1111","11,0398","100,8936","147,9818","98,4691","25,5795","6,298","11,5278",e
"136,4566","85,0705","92,7929","12,999","24,8516","27,1189","124,5244","97,7975","136,9213","19,1901","40,0767","13,0593","99,3915","144,5497","100,3933","23,9865","6,5757","12,7966",e
"146,9622","85,522","90,885","11,6819","25,9461","31,1195","125,2598","110,8701","147,4118","10,7013","38,5232","11,9767","100,7543","146,9496","94,8441","25,2683","5,7894","12,6677",e
"150,713","111,3882","122,2625","6,866","19,8458","20,0937","129,9234","67,6057","150,8161","7,4214","26,3604","7,03","125,7211","141,0255","108,1113","18,5999","4,3407","8,1413",e
"157,6836","115,5878","124,5458","5,6153","15,4948","15,4605","127,1989","68,6093","157,7016","5,4213","19,768","5,6227","129,8754","140,8298","106,4829","14,3387","3,4453","6,3969",e
"159,7582","130,0291","142,8012","3,8493","12,5191","12,3245","135,3001","48,0204","160,0393","8,5502","16,6561","4,1552","143,9971","138,9279","113,8529","11,3309","2,9034","5,7493",e
"160,514","127,2966","142,1816","6,0526","17,4308","17,6341","136,3671","53,7169","160,8676","10,0259","21,8738","6,4665","141,9855","140,5478","112,2415","16,0813","3,5236","7,4516",e
"146,7778","116,1913","129,5911","6,2894","16,6437","17,7347","136,7755","54,7457","147,4914","12,936","21,657","6,9467","130,3414","139,6495","113,2222","15,845","2,9923","7,2637",e
"158,0709","125,8212","135,7677","6,0357","14,378","13,6965","130,4951","52,3435","158,0981","5,1976","18,3825","6,0508","139,3784","138,602","112,0316","13,0775","3,2644","5,9537",e
"158,4042","129,2711","144,9951","4,825","13,8732","14,0672","139,3785","47,989",159,"9,5051","17,2949","5,6207","143,7973","139,8767","114,5653","12,7525","2,8913","6,0336",e
"160,9924","129,7983","144,4729","5,2343","13,6172","13,8286","136,8221","50,2148","161,4132","8,8061","17,5598","5,4975","144,2538","139,9165","113,3416","12,4892","2,8609","6,2397",e
"157,8052","127,8037","141,3166","4,9953","15,7692","16,8611","136,9298","49,8739","158,5201","10,9236","19,6186","5,9972","141,8997","139,3166","113,7679","14,7058","3,2554","6,9017",e
"158,1436","124,047","132,1084","5,594","15,2395","15,6143","128,4478","55,389","158,1736","5,9235","19,7562","5,6047","137,3512","138,4504","110,8029","14,1168","3,1456","6,4897",e
"152,1301","113,7831","126,2819","8,8024","22,0115","21,7657","132,188","65,4048","152,2289","7,6828","28,5698","8,9134","128,388","141,3181","108,9084","20,5059","4,6476","8,9279",e
"147,8563","98,7797","104,6122","9,863","23,2598","24,5859","124,668","86,0838","147,8573","5,1239","30,6306","9,8646","112,7332","142,4529","101,7983","22,266","4,6983","9,4526",e
"158,4584","118,2708","132,0174","5,1014","17,2935","18,0384","132,8656","65,3501","158,6741","8,4375","23,696","5,3806","133,4159","141,9632","108,236","16,0424","3,7324","8,1",e
"156,5913","125,3078","137,2158","5,9325","16,3792","17,674","133,47","52,1456","157,0792","14,6919","20,1398","6,5541","139,1865","139,0894","112,8212","15,3298","3,3778","6,9993",e
"158,269","129,0991","144,7614","4,7719","13,4189","13,5752","138,4075","48,5511","159,2144","15,4263","16,4677","5,8561","143,6198","139,8241","114,542","12,3085","2,7698","6,2492",e
"155,3588","118,7533","129,9473","5,998","18,0725","18,8456","132,1959","61,0508","155,7307","11,5078","24,4717","6,3866","132,9944","140,2863","109,742","16,8238","3,7584","8,3536",e
"159,2278","116,251","123,7012","8,3517","22,9623","25,3073","126,9031","70,3956","159,2456","7,3381","29,1062","8,3733","130,2224","140,8363","105,8158","21,751","4,6278","9,5026",e
"153,6093","114,247","121,7482","7,9539","20,2967","23,0771","128,399","66,4371","153,7007","8,1595","26,6642","7,9926","127,8741","139,9145","107,6473","19,5961","3,2994","8,7178",e
"154,3276","114,3619","128,0428","6,2004","17,9273","19,8783","132,3084","66,8704","154,5353","8,1961","24,0203","6,378","129,454","142,0075","108,3041","16,9929","3,9256","7,976",e
"151,2172","117,6402","116,0011","6,8521","15,2619","17,9015","120,1241","61,2885","151,2356","6,2314","24,5714","6,8663","128,8333","135,3011","109,6115","14,6689","2,8303","7,5079",e
"155,5646","125,5269","126,3411","9,0256","15,3859","19,8209","121,6691","54,4673","156,4165","22,541","22,6919","9,3313","136,9274","135,1655","111,9956","15,0333","2,2671","7,9985",e
"149,1633","118,9271","118,4737","6,3317","16,284","19,2991","121,3563","56,9474","149,2942","14,472","25,1519","6,4127","129,9973","134,9109","111,5412","15,7124","2,8404","7,5601",e
"150,4256","116,1319","112,9171","6,8692","15,3776","20,0334","119,9201","67,1618","150,4625","9,8039","27,0554","6,8889","127,0509","135,0699","108,995","15,1288","2,7331","7,6118",e
"157,8709","125,8448","129,5618","6,9884","17,6384","22,8481","125,8887","54,8283","158,3434","18,5548","25,3511","7,3275","138,0357","136,6745","111,2967","17,3133","2,7848","8,7148",e
"146,3279","109,058","108,5214","7,8663","17,9832","23,8995","121,6965","71,889","146,3493","9,1333","28,6514","7,887","120,6752","136,8859","107,5957","18,2084","2,5563","7,7607",e
"152,2903","121,0552","118,1248","7,3816","16,4272","22,073","120,8534","61,1234","152,4194","10,174","26,9642","7,3973","131,7213","134,3077","110,7184","16,4477","2,0483","7,2716",e
"146,3318","110,2442","105,9428","6,9462","16,7835","22,4537","118,4311","75,0098","146,3372","8,1362","28,7686","6,9528","121,0519","135,2943","107,7719","16,7526","3,6899","7,5958",e
"155,9321","114,8279","111,0404","6,9475","15,4775","20,9101","120,0662","76,6309","156,0153","8,9325","27,9919","6,9357","126,3409","136,7068","105,3215","15,2897","2,5002","8,2095",e
"156,4558","120,4861","116,7952","7,9006","17,972","24,6936","118,5612","69,0182","156,7745","16,4778","29,8154","8,1854","131,5176","135,3479","108,1733","17,9568","2,7794","8,7431",e
"148,1934","109,6116","107,1644","9,9346","18,178","24,3137","118,4037","76,1848","148,8399","21,7596","31,8594","9,8355","121,0673","136,7445","106,667","18,1575","3,159","9,7453",e
"144,9869","111,9673","111,1872","8,1056","20,9724","26,0005","121,8442","66,1099","145,3626","13,0955","31,5749","8,5376","123,106","135,7827","109,7984","20,7252","3,4356","8,9709",e
"151,4075","118,7363","114,1712","9,9439","17,4107","23,5506","118,4041","66,4623","151,8801","20,5017","32,3487","10,0887","129,2614","134,3094","109,7763","17,297","2,5999","9,2651",e
"155,0419","129,7415","127,0519","7,4076","17,8314","22,777","117,1687","51,0878","155,3942","20,6657","27,1271","7,8437","139,9251","132,8782","114,0758","17,3874","3,7837","8,1328",e
"151,7936","111,0957","112,8822","10,361","17,7512","23,5596","122,9003","72,7664","152,2719","17,2687","28,4584","10,4448","123,6747","138,57","106,1782","17,6701","3,2321","9,614",e
"154,6867","131,2225","135,7745","9,3636","17,3741","20,2096","120,9707","43,063","156,1596","31,8717","17,731","10,5969","142,7365","134,7965","116,0571","16,6211","3,017","7,1929",e
"142,2245","111,7013","110,3423","6,8919","16,9171","21,1871","120,9007","61,6976","142,4462","15,4905","26,8383","7,25","122,5482","134,7727","111,0881","16,7651","2,4896","7,6777",e
"151,1451","117,9465","114,3757","8,2338","19,4075","25,2492","119,7348","66,7503","151,2747","11,5031","30,5312","8,3806","128,6468","134,7194","109,5577","19,284","3,083","8,1557",e
"152,7071","124,2252","125,2625","7,2821","19,7201","23,6463","122,9615","54,8985","153,3127","18,4799","25,7163","8,2897","135,4714","134,9603","112,7771","18,9585","4,1712","8,3754",e
"154,0629","128,6192","121,0866","7,9273","16,2274","22,0287","115,8268","56,9715","154,3025","15,9965","29,3662","8,1504","137,8849","131,2859","113,4009","16,1183","2,2038","7,6466",e
"148,3481","109,2344","103,0072","7,9587","17,846","22,8829","117,5113","81,8269","148,4319","9,7291","29,5822","8,0394","119,9522","135,5654","105,8864","17,5803","4,0037","8,2079",e
"148,9032","114,588","110,9244","7,2142","16,4769","20,7272","118,2432","67,3872","148,9469","9,6715","28,3488","7,2383","125,3861","134,9398","108,9174","16,257","2,5786","7,615",e
"151,2191","123,1687","123,7012","6,6575","17,1905","22,7797","124,0093","53,0584","151,8247","19,2191","26,0852","7,0867","134,2802","134,6667","112,9243","17,085","2,3327","8,2826",e
"148,2344","117,2968","113,3461","6,9149","15,1098","20,9131","119,7349","62,9069","148,287","10,035","26,9542","6,9824","127,7174","133,908","110,7349","15,303","1,7588","7,0037",e
"152,8387","118,8509","124,3089","8,9452","17,05","21,3054","125,5054","59,6376","153,8058","22,0205","21,4055","9,5022","131,5627","137,7668","110,3662","16,7613","2,3553","8,1424",e
"150,666","121,9015","124,1846","6,6442","14,7963","18,9752","125,0477","51,888","150,9938","16,11","21,8181","6,9309","133,4409","135,3631","112,7946","14,5812","2,294","7,1457",e
"155,5023","118,4292","122,7976","7,6833","17,264","21,1858","125,9494","62,3552","155,6064","9,3603","23,5316","7,7715","131,194","138,1678","108,6007","16,8528","2,5582","7,8997",e
"164,44","124,4979","129,0368","6,7907","17,9244","20,9002","126,1011","63,8589","165,1326","17,0142","26,1787","6,4706","137,6842","138,9284","107,2716","16,6765","3,8374","10,2438",e
"149,2953","116,4342","116,6166","6,4741","16,5974","19,7321","120,2715","60,2145","149,6321","17,7877","25,4167","6,8115","127,9368","135,7824","110,1813","16,016","3,0057","8,2252",e
"155,0489","107,7923","109,3436","10,0687","21,1966","25,001","122,0187","82,2614","155,6792","16,538","30,8286","9,9267","120,9593","140,4544","102,5293","20,3227","4,4709","11,0343",e
"156,7753","115,2645","114,3837","6,7011","19,802","25,7978","121,395","73,8059","156,8967","14,4433","34,3788","6,6796","127,4336","137,9546","105,4767","19,2916","3,8614","10,7803",e
"160,9006","123,4259","126,3441","6,0165","16,4687","20,4442","124,4708","61,6131","161,0984","12,7925","24,8013","6,0367","135,9971","137,7183","108,2934","15,7963","3,0464","8,6161",e
"152,2758","120,0071","120,8283","6,7961","15,6827","17,8827","120,6152","56,7626","152,4313","16,9267","22,8474","6,9396","131,5768","135,7202","110,6778","14,9871","2,9752","7,4894",e
"152,0281","117,1891","120,2556","5,8844","15,3177","19,1931","125,2687","60,1292","152,1742","9,2345","23,3502","5,9771","129,47","137,2172","109,5599","14,9736","2,6086","7,7766",e
"153,0588","118,6701","115,4938","11,2114","20,6984","26,3456","114,2629","68,2567","154,0907","29,016","33,746","11,6024","129,6495","135,3629","109,0186","20,1227","3,729","11,2315",e
"159,6474","123,8611","126,4225","8,2945","15,8996","19,1979","122,1635","62,1134","160,6181","23,012","22,6566","8,0907","136,2297","137,2221","109,1994","14,858","3,5046","9,091",e
"152,9237","116,3217","117,386","5,6109","19,3763","22,3607","120,273","65,148","153,5239","21,0288","28,6251","6,4173","128,364","137,1737","108,3263","18,3528","4,3189","10,0655",e
"161,2458","135,4096","134,3888","8,4012","20,8907","24,4346","114,3992","47,2744","161,9337","30,0231","30,3195","8,9193","145,8895","133,619","114,1014","19,7728","3,9138","10,209",e
"149,9092","115,9231","112,797","7,7139","14,7512","18,6747","118,3333","65,594","149,9284","9,5506","25,0704","7,7157","126,8237","134,9466","109,187","14,5035","3,2613","7,3319",e
"157,3903","111,5469","108,3266","12,6875","19,8119","23,0903","116,4221","82,5896","158,1357","22,6688","32,3466","12,3655","123,6658","138,4874","102,8057","18,8172","4,5241","11,6601",e
"149,1043","113,8087","106,5415","8,5523","18,5982","24,3523","114,4464","75,5233","149,4787","19,3466","34,2411","8,7242","124,0071","134,2753","107,9028","18,2904","3,2511","9,5877",e
"158,476","125,1687","123,7255","7,9128","17,0811","20,5696","119,2315","59,3044","158,8323","19,0358","25,4701","8,2159","136,3663","135,2365","109,9431","16,2983","3,0015","8,6769",e
"155,6833","130,1773","129,142","9,9487","16,7984","20,4873","110,2229","49,9561","157,457","33,458","23,2701","10,1921","140,759","133,4768","114,2246","16,0676","3,0865","9,6631",e
"159,2006","121,3414","146,4431","7,7456","18,4836","14,8762","137,8274","63,2547","160,8414","26,0876","23,3464","8,1763","139,0448","145,208","111,2826","15,9239","5,3621","8,7723",e
"160,8375","125,7802","150,7229","5,8183","16,5394","12,7367","143,0958","57,2125","161,7292","11,1413","19,7718","6,7569","143,1562","144,3677","112,8021","14,0895","4,5927","6,6905",e
"148,4952","108,2077","133,3663","9,2079","17,5688","14,4802","138,2934","70,6768","149,1392","17,8199","21,9828","9,748","126,1251","145,9955","109,7587","15,6644","4,9276","7,0388",e
"146,1412","95,265","116,836","10,6495","21,3902","17,5935","133,9519","90,2689","146,8407","14,5201","30,712","10,695","113,2397","147,903","103,2043","18,9274","6,2565","9,9911",e
"151,5932","112,365","134,5089","7,6831","16,1192","13,4038","137,7618","67,8043","152,7022","16,3704","21,0915","7,9637","129,4927","144,6698","109,9064","14,0967","4,6066","7,604",e
"153,8266","121,1826","144,3275","12,552","16,8754","12,8979","133,9495","57,945","156,1642","34,6942","20,0902","11,3903","137,9486","143,3743","113,8018","14,6081","5,5919","8,4846",e
"156,745","122,0273","150,8115","11,0587","19,2374","15,0556","140,1712","62,6512","161,0164","31,5314","21,5162","10,9168","140,3834","145,7978","113,5765","16,2155","6,4248","9,197",e
"153,0521","115,2321","143,7174","10,9476","19,1947","15,5022","135,984","68,2843","156,3751","33,2705","20,3386","11,6902","133,7855","146,5088","111,7065","16,6972","5,3927","9,2719",e
"149,2637","112,0013","137,2386","7,6609","16,1562","12,9747","140,035","65,0443","149,9293","16,919","20,2811","8,1286","129,692","145,2677","111,4468","14,1388","4,8472","6,4187",e
"148,4178","111,9602","128,0995","10,1361","18,0106","15,4763","129,2958","65,8114","150,1298","28,5886","21,6185","10,2574","127,3356","142,0649","110,4801","16,0004","4,9265","8,5641",e
"151,9792","123,983","145,1951","6,0285","14,05","10,102","143,6989","48,1913","152,6496","14,4311","18,2574","6,445","139,8314","141,5436","116,0019","11,8686","4,7348","5,5744",e
"168,7682","122,9051","133,4772","5,079","14,0063","14,604","127,6688","69,5073","168,7692","4,4209","18,9157","5,0779","137,9662","142,1195","105,0192","12,7242","3,6342","6,7046",e
"178,6933","112,8939","130,5872","8,3981","17,2108","18,2773","129,4137","94,0354","178,9276","8,162","25,2636","8,1991","131,9803","149,7895","95,588","14,8375","5,9772","10,5823",e
"156,5301","103,8973","118,2141","6,5398","20,6409","20,2532","129,3813","86,1826","156,5336","4,6033","30,1727","6,5388","120,4286","145,7517","101,4199","18,8138","5,5777","9,8543",o
"166,9875","108,2393","109,8868","7,8552","21,6632","23,995","119,4249","93,6326","167,5842","18,2547","31,8324","7,521","122,9098","143,6916","96,6868","19,6226","6,2765","12,8012",o
"153,0196","112,5613","109,3908","4,562","13,4952","12,4611","117,283","73,5984","153,0259","4,3259","19,7803","4,5623","124,1062","136,6","105,7018","12,0705","4,2699","7,0226",o
"159,0209","113,6508","119,1148","5,3649","18,6046","19,3515","124,5338","73,6606","159,0216","4,7551","28,65","5,3647","127,5563","140,8049","104,2575","17,0031","5,0493","9,663",o
"162,125","109,1468","107,9757","7,1491","15,2752","16,5291","119,8867","89,0029","162,1309","5,2658","23,8403","7,1399","122,4887","140,8087","99,3242","13,9485","4,6452","8,0046",o
"173,2738","129,7387","130,144","6,473","12,0388","13,1554","121,1272","67,7503","173,2829","5,6699","17,5609","6,4688","142,3441","138,1225","105,0336","10,8559","3,2033","6,2128",o
"168,3744","115,7012","117,0502","7,6913","13,9419","15,7546","121,5424","83,0483","168,3851","6,1366","20,2626","7,6807","129,5493","141,2129","100,0633","12,7943","3,925","7,4213",o
"169,1507","130,8259","136,3205","5,2309","10,6456","10,4649","124,8558","58,0078","169,2597","9,6765","15,0537","5,1141","143,9466","138,3865","108,4225","9,4887","2,9099","5,5967",o
"167,9464","106,1052","112,3602","7,947","25,9","24,7081","123,1498","96,282","167,9498","5,6145","35,2335","7,9421","122,0891","145,9545","95,6166","22,8763","8,19","12,6527",o
"159,3555","111,4274","113,3404","6,7335","20,2371","20,4763","121,1935","77,8495","159,393","6,839","30,4709","6,702","124,8271","140,5133","102,3797","18,4077","5,7198","10,6659",o
"153,9037","82,6208","81,7671","13,1655","23,0559","24,6611","120,818","126,4944","154,0066","9,0871","31,6737","13,1169","97,9358","148,2069","88,9307","21,4846","6,8354","11,2251",o
"158,2593","122,0227","151,6472","8,6143","20,0499","16,5847","139,1655","65,0471","162,7368","33,1507","22,3536","10,314","140,6845","146,4501","112,8495","17,0935","6,3211","9,9197",o
"162,0441","93,2038","103,9936","10,0092","18,9008","22,0864","125,6522","108,9099","162,0774","6,7797","26,2636","10,021","110,8758","149,5542","92,23","17,686","5,695","9,7342",o
"164,8956","117,7447","124,4367","7,9039","27,0104","24,4939","121,8144","76,7883","165,21","19,2279","34,1101","8,075","132,1061","141,7733","103,5975","23,7537","7,9266","12,1972",o
"156,2139","125,6709","127,8594","5,7504","15,5447","20,047","120,0112","54,2416","157,086","24,2714","21,291","6,7676","137,3874","135,7165","111,8833","15,1672","2,7159","7,8059",o
"157,4851","112,3216","107,6686","6,628","14,2783","14,149","117,0981","81,7262","157,4851","4,3106","20,0184","6,628","124,0713","137,4148","103,0244","13,0201","4,5451","6,7765",o
"163,1931","98,0279","109,2447","5,6118","24,8763","28,2493","128,0663","102,8434","163,7274","10,9139","37,4244","5,7579","115,5153","148,8907","94,3114","22,7938","7,2006","14,0122",o
"160,849","106,2647","109,2393","8,0407","16,776","17,7914","122,2246","88,4233","160,8966","7,5067","23,6472","7,9951","120,5824","142,6409","98,9462","15,4208","4,4819","8,6064",o
"159,9735","108,129","108,3496","6,207","15,5649","17,5781","120,0494","86,7934","160,0817","9,2714","25,1609","6,0867","121,6541","141,0112","100,0809","14,1848","5,2904","9,2251",o
"163,4572","105,0496","115,5913","5,8799","25,3477","28,4988","129,411","91,9379","164,0375","12,032","38,1978","6,1582","121,6004","146,5572","97,8913","23,2606","6,959","14,3312",o
"168,2844","105,4141","110,4908","8,3394","20,5304","23,5792","123,7369","97,5207","168,3215","6,7001","28,8659","8,3083","121,2486","145,8337","94,9309","19,0564","5,2327","10,6862",o
"174,9318","120,9538","135,4708","6,2662","14,6651","14,6647","128,9567","78,9624","175,0416","6,2597","19,608","6,2738","137,7516","145,3859","101,3882","12,9522","4,2012","7,419",o
"169,5346","114,7401","126,2093","6,2522","13,5037","13,7873","126,7695","82,4859","169,5346","3,4697","18,9719","6,2522","130,9622","144,8323","100,2759","12,2433","3,9303","6,8991",o
"160,4447","124,983","149,206","6,8628","18,0353","14,5057","139,2208","60,2203","163,1343","27,307","22,9115","7,4889","142,2481","144,3229","112,4622","15,2316","5,6462","9,3161",o
"155,581","118,6183","132,0846","7,2998","15,1676","16,6173","131,9551","62,2474","156,6676","18,9407","20,4527","7,4502","133,4322","141,1187","109,9547","14,1842","3,0943","8,2372",o
"155,0351","125,0182","136,7599","6,1349","13,6437","13,4634","132,7293","50,5719","155,7228","15,6461","18,8747","6,3593","138,8152","138,7534","113,4847","12,2361","4,0647","6,7717",o
"152,6686","123,7815","133,7249","5,7902","11,5968","11,5143","128,6661","48,85","152,8872","19,053","17,0448","5,7704","137,0959","137,8195","113,8301","10,4948","3,451","5,8956",o
"157,3669","119,5873","143,5132","9,2579","20,7529","15,732","140,1229","64,5479","159,5561","21,1262","26,803","8,8393","137,0331","144,8931","111,1143","17,5642","6,4073","9,759",o
"154,5298","118,8382","142,6145","9,3727","22,1039","17,1942","137,2489","63,2595","157,1595","30,3255","27,4959","9,9585","136,0164","144,4252","112,1527","18,9306","6,6488","10,2021",o
"131,9623","98,8751","121,432","9,0211","15,2536","12,8258","141,1826","67,0844","133,7792","17,3822","20,982","9,6072","115,258","143,8073","113,0181","13,7823","4,3463","7,2058",o
"151,3744","101,8139","134,1529","13,0788","21,3821","19,6907","139,3963","87,3857","153,7495","18,7841","23,803","13,6641","122,4367","150,8769","105,8514","19,4411","5,0434","9,6096",o
"156,7823","128,1402","146,4816","5,2606","14,142","9,3802","138,2944","48,1282","157,9305","17,9566","21,2472","6,0293","143,4695","140,5594","115,3699","10,2339","6,7262","6,2443",o
"150,0129","117,2575","133,4863","7,2363","13,1518","13,0433","135,9889","56,5665","150,5377","14,9813","18,1496","7,4512","132,2899","141,0253","112,5793","12,1558","3,5168","6,2323",o
"143,1927","112,1737","125,0369","7,3407","11,9707","11,4702","131,8518","55,7948","143,5369","16,0561","18,294","7,4182","126,259","139,519","112,9229","10,9818","3,8724","5,9414",o
"155,4646","131,9192","147,4","5,678","9,3434","8,0019","139,0451","39,6874","156,0993","18,6832","11,9358","5,8957","145,9221","138,4428","117,5929","8,3328","2,6045","4,5438",o
"155,12","135,4724","146,1619","5,4393","7,8022","6,8036","137,8576","32,8617","155,5327","10,3129","11,0416","5,3532","148,0321","135,899","118,996","6,8244","2,6788","3,7285",o
"158,4869","124,614","142,2039","6,3594","10,2942","9,8028","135,5479","55,5564","159,2763","16,3656","14,3555","6,2814","140,0866","141,6035","112,3797","8,999","3,1483","6,0045",o
"150,7087","120,8066","129,1568","5,6331","11,3003","10,4222","127,0496","50,7961","150,847","16,1877","19,0729","5,5828","133,8596","137,5746","113,0013","10,0074","3,7451","6,4039",o
"156,4582","135,1434","146,502","6,0366","14,1422","15,5073","122,2958","39,4859","159,2792","45,148","18,4599","6,8955","147,9789","136,6504","118,1398","12,9859","3,5816","8,2498",o
"147,5514","127,321","142,4345","5,401","12,0366","10,2103","142,8841","37,193","148,822","20,8754","13,8684","6,3305","140,9845","137,7614","119,1814","10,7797","2,8345","4,8316",o
"148,9119","122,9598","135,1055","5,7763","12,6687","11,1015","134,7395","44,808","148,9483","7,4895","16,3867","5,7801","136,4432","137,9255","115,6672","11,4456","3,2863","4,7151",o
"145,1266","112,8498","122,3588","5,6839","11,2928","10,755","129,1117","57,0297","145,169","7,839","16,4871","5,6882","126,2944","138,6026","111,7711","10,3203","3,2888","5,123",o
"155,4088","129,562","146,1436","7,6381","17,2228","12,04","140,716","44,0928","156,367","20,2222","23,3781","7,6917","144,0216","139,4466","116,4428","14,5289","5,581","7,441",o
"155,9385","130,811","144,3328","4,8917","13,4239","12,9916","135,3476","43,2833","157,3628","27,0095","18,0221","6,0571","144,507","138,181","116,3592","12,0397","3,7068","6,8379",o
"151,4636","121,8784","132,3127","5,781","10,6014","10,0583","127,8983","50,6909","151,9362","21,0861","15,9885","5,5887","135,3591","138,17","113,4868","9,4446","3,3175","5,9952",o
"154,9927","129,663","140,4009","5,6945","14,9258","16,6252","128,7694","45,054","156,989","33,0947","19,3899","7,1942","142,7814","137,3538","115,8852","13,7388","4,0123","7,9506",o
157,"125,5736","145,6626","7,62","15,3174","14,7209","136,0582","54,7924","159,8024","28,289","21,6847","7,9225","141,542","141,9513","114,0545","12,7177","6,4496","8,3799",o
"153,9365","124,4579","143,6355","6,9432","14,8482","12,2606","139,3423","50,9019","155,2514","20,895","19,8105","7,6104","139,9231","141,2117","114,8916","12,7894","4,6779","6,9282",o
"157,4581","134,7565","151,8638","7,5171","15,7723","14,3169","135,2113","42,7565","161,2142","37,469","16,9478","8,2875","149,0054","138,9604","118,2357","13,9692","3,8546","7,6319",o
"144,3378","113,3088","126,2158","8,3411","13,3592","13,2882","129,826","56,2817","145,1224","22,4142","19,0812","8,2204","127,3825","139,5688","112,972","12,4139","3,9404","6,8343",o
"150,2159","122,1802","137,764","6,6579","14,0289","12,8632","136,54","48,7036","150,7448","19,9475","18,4841","6,7668","136,6251","139,6578","115,0845","12,7333","3,6698","6,0291",o
"149,7398","126,0649","137,9704","9,57","16,244","14,8348","130,3522","42,4867","150,8888","32,7837","21,2632","9,3153","139,2973","137,4117","116,8843","14,7193","4,5579","7,3275",o
"151,1621","125,5154","138,6397","5,9141","13,2216","11,3627","133,9285","44,4573","151,7542","22,9571","18,1504","6,3144","139,1795","138,2022","115,9861","11,7026","3,7256","6,2391",o
"156,2859","133,898","144,4979","6,6686","12,6127","11,4551","131,6554","38,4794","157,3821","27,1258","16,2609","6,3768","146,6554","136,5211","117,4804","11,2237","3,2484","6,2633",o
"166,5045","138,2105","153,0242","5,3447","10,3448","11,5096","137,7713","45,2374","167,9671","17,3957","13,473","5,6697","152,3377","139,2291","115,0579","9,3879","2,3839","6,2304",o
"157,0034","130,8004","144,222","5,3167","10,1594","10,3821","137,1054","43,2419","157,5493","15,9691","15,6576","5,3927","144,5935","138,3604","115,8426","9,1927","2,6415","5,8685",o
"154,3668","122,1317","133,2095","5,7054","10,5096","9,9574","129,6685","53,6353","154,6289","15,1602","16,1666","5,656","136,0337","138,9971","112,1721","9,3542","3,4119","5,6839",o
"153,3522","122,3759","133,6626","6,7006","10,888","10,8406","128,9359","52,4391","153,9091","21,0426","15,3265","6,4063","136,207","138,7903","112,8678","9,8836","3,1474","5,9601",o
"152,0876","119,6987","128,258","7,9055","13,9158","13,7094","128,016","54,8611","152,3269","13,7205","18,5229","7,9598","133,0037","138,2724","111,6752","12,8404","3,529","6,1446",o
"155,387","128,4585","137,8315","5,9034","9,9534","9,7973","130,0224","44,9268","155,8476","18,0284","12,9865","6,0359","141,3963","137,1075","114,8556","9,0108","2,4226","4,9342",o
"153,3003","129,0607","143,1593","6,1191","12,381","11,1792","138,7255","41,8134","154,2108","20,1896","16,4268","6,3957","142,818","138,1855","116,9161","11,1762","3,1524","5,8877",o
"152,4879","116,8405","130,0997","5,8294","11,8781","10,3622","130,8589","60,1265","152,8417","16,2696","17,9223","5,8178","131,5034","140,6495","110,5833","10,4406","3,6201","6,3642",o
"150,8487","102,2656","116,337","9,2404","16,1565","16,336","130,5497","82,927","151,3069","11,2784","23,1649","9,0523","118,2767","144,5571","103,5079","14,9188","4,1109","8,3065",o
"153,7906","114,3623","131,1104","6,8314","12,3227","12,1869","133,6099","66,4364","154,4962","13,6556","16,6839","6,576","130,1537","142,7523","109,1066","11,224","3,2505","6,4257",o
"150,0406","113,0706","126,9614","6,9978","13,444","13,0035","132,9048","63,4299","150,3121","9,0553","18,3817","6,9585","127,9689","141,236","109,9228","12,362","3,455","6,0434",o
"146,5953","107,022","120,5903","5,8069","12,5605","13,0346","131,3257","68,9993","146,6579","6,1605","19,75","5,7189","122,0128","141,9161","108,3385","11,6394","3,7392","6,2197",o
"158,3042","113,0095","128,606","8,323","21,4229","20,9854","132,8577","74,3932","159,0215","14,6942","28,9269","8,5786","129,13","144,0827","105,7217","19,426","5,3747","10,3576",o
"151,3629","121,7308","129,9266","7,5746","18,1197","17,9563","130,1502","50,9122","151,6194","12,817","24,7266","7,7859","134,6354","137,5907","113,1215","16,7526","4,2148","7,9698",o
"158,1266","114,8547","124,9996","7,9058","17,2077","17,4161","129,2296","70,614","158,4485","10,8159","25,37","7,8149","129,5576","141,6937","106,0763","15,5977","4,5497","9,2091",o
"147,2228","96,1539","107,4039","14,6146","22,1412","24,1384","127,2445","90,4663","148,0795","16,8227","29,4411","14,6219","111,5936","144,7963","101,5372","21,4522","4,8651","10,6251",o
"149,012","101,3331","112,0966","13,1266","26,3796","27,8259","128,1969","84,1714","149,5711","15,5424","34,0786","13,3407","116,3249","143,6834","103,3234","25,2408","5,6047","11,0903",o
"148,3436","101,9042","111,8414","12,0543","25,5375","27,0687","121,9894","83,5707","149,9161","29,4824","34,7826","12,7152","116,7019","143,2359","103,9064","23,9144","6,1453","13,3923",o
"154,0598","103,9576","120,6953","9,4836","20,774","22,0078","131,0424","84,7057","155,0453","15,5326","28,7886","9,4344","120,8549","145,9449","103,1312","19,1409","5,675","10,6431",o
"149,1354","103,3194","114,7296","9,2303","21,7415","22,3799","125,4914","79,954","149,6208","20,5385","30,5953","9,7155","118,3841","143,1294","104,5161","20,2968","5,9516","10,4332",o
"149,8488","111,9865","122,4743","8,9931","20,1797","21,6176","129,0713","65,5781","150,227","17,6232","28,9802","9,1685","126,1764","140,5952","108,8723","18,8993","5,6481","9,4272",o
"140,8865","88,6711","92,2153","8,2623","18,164","19,7924","122,0973","96,4599","140,9882","10,9759","30,1838","8,2803","102,307","142,9469","99,5434","17,2947","5,3925","9,598",o
"158,3308","111,2499","117,0465","7,1345","18,7258","19,3001","123,9595","78,135","158,4073","9,4225","25,9195","7,1457","125,3499","141,3406","103,3674","17,1575","5,6114","8,7192",o
"149,0433","102,8765","107,0352","8,0125","14,973","16,0642","123,0113","80,311","149,2425","13,1846","23,6284","7,8592","116,4187","140,7877","103,3529","14,0006","4,1778","8,3556",o
"156,8141","100,1679","108,726","10,0998","20,3244","22,6171","124,3939","94,6324","157,542","18,0006","29,5829","9,6377","115,9317","145,4022","98,4442","18,7295","5,4942","11,6481",o
"159,9","117,5538","126,8741","10,0496","24,5047","26,7573","123,5352","71,1195","161,6084","30,7125","33,006","9,811","132,0036","141,5488","106,4471","22,6287","5,6412","13,1185",o
"148,3659","98,9446","105,8037","9,2721","24,3863","25,3688","126,9573","86,7602","148,6696","12,3331","38,225","9,1837","113,3904","143,1176","101,8219","22,5177","6,8746","12,8828",o
"156,7839","101,5121","112,3074","8,4262","18,8252","19,776","127,1718","90,9369","157,0148","8,2232","25,4787","8,5449","117,5121","145,402","99,4933","17,4131","4,7069","8,9949",o
"145,4592","84,5352","96,7268","10,2525","23,6553","27,0081","127,1631","107,9122","145,5477","8,482","34,7697","10,3724","101,1289","148,423","96,0237","22,8721","5,8224","11,1384",o
"153,4676","94,1686","95,5054","10,4577","21,1473","24,6996","122,32","104,6227","153,7178","10,7144","33,1049","10,4363","108,5611","144,4362","95,8443","19,9128","5,5595","11,3098",o
"156,3615","127,2739","135,6183","8,2515","21,8187","24,3527","119,5547","52,076","158,7541","39,1255","26,8261","10,2466","140,1319","137,6517","113,4554","20,4576","4,5557","11,0162",o
"149,0697","98,1725","114,8193","9,4621","20,4806","22,2546","132,0961","88,5988","150,2802","16,5606","31,9937","9,1274","115,0538","146,4426","102,5329","19,0322","5,4698","11,9692",o
"152,1204","104,4525","107,5363","8,0894","17,7821","19,9023","122,8817","81,9692","152,2016","10,7927","27,5328","8,0599","117,948","140,9491","102,4663","16,7682","4,4279","9,4478",o
"152,9125","105,5623","108,8427","5,9837","18,9269","21,7395","123,383","81,5131","152,9176","6,8832","30,3132","5,9802","119,1278","140,9672","102,6938","17,8539","5,2089","10,024",o
"148,4727","91,6986","92,886","9,7945","18,7149","20,7032","121,5648","101,7858","148,576","10,0277","31,8493","9,7215","105,6163","143,5783","97,0018","17,5068","5,3851","10,5022",o
"152,1322","113,6607","121,9505","5,911","15,0214","13,8645","126,905","65,3488","152,2108","7,1551","19,7834","5,9604","127,4048","139,7544","108,3054","13,6689","3,9991","6,1639",o
"161,5218","125,871","139,9843","4,6342","15,0269","14,181","134,0715","56,8057","161,7318","7,8334","20,2598","4,8861","140,6797","140,8046","110,8315","13,4816","3,716","6,8973",o
"160,7483","132,621","145,1765","3,7135","9,188","9,0406","134,7044","44,8764","160,8727","6,6015","12,0381","3,8599","146,3676","138,3432","114,7418","8,2722","2,2798","4,1686",o
"155,1417","133,281","147,925","3,6535","8,4075","8,3753","141,523","37,2556","156,0053","12,8449","9,4685","4,8124","146,928","137,7521","118,3754","7,6872","2,0009","3,754",o
"158,1764","130,0723","144,2891","3,7423","10,1576","9,9548","136,5273","46,1198","158,6784","12,701","13,0027","4,2281","144,2233","139,0137","114,9199","9,2237","2,3044","4,8409",o
"162,8696","135,4213","151,2701","3,4593","9,7325","8,7416","139,154","43,3267","163,0957","7,6047","13,3937","3,6531","149,7536","139,3768","115,5814","8,5891","2,5817","4,6788",o
"160,6604","131,7338","144,7615","4,589","11,4138","10,4943","134,6303","46,4922","160,9761","12,6027","14,3738","4,9825","145,6805","138,8205","114,3139","10,1487","2,8993","5,0574",o
"161,5867","121,5977","134,2486","5,2154","13,771","12,5646","129,9092","63,474","161,6209","6,4778","18,0039","5,2427","136,5034","141,3791","108,3497","12,159","4,116","5,9461",o
"165,1776","140,6714","156,3317","5,3519","15,1851","14,4711","141,9404","39,4739","166,1323","14,7429","18,3083","6,0835","154,5615","138,6975","117,1261","13,6602","3,4886","6,4761",o
"161,7734","114,6534","129,8811","5,4846","14,1873","14,3027","130,0931","74,6343","161,7846","4,7382","17,8709","5,501","130,8643","144,0864","104,7706","13,0128","3,6419","5,9173",o
"156,1005","114,9634","120,8964","5,8081","15,8468","14,9356","124,817","68,5087","156,1123","5,8922","21,2605","5,8153","128,4901","139,6725","106,5844","14,3408","4,2594","7,1147",o
"157,5362","129,807","139,9255","3,5199","9,1961","9,3165","132,3643","45,0812","157,633","6,9078","12,7831","3,5572","143,0088","137,5003","114,608","8,3637","2,1722","4,3118",o
"159,3247","127,783","144,2455","6,8773","12,6589","13,0752","136,4383","51,3126","159,7684","13,9831","15,2344","7,0824","142,7195","140,6264","113,4432","11,7825","2,9262","5,4493",o
"157,4583","126,7594","138,2023","3,9082","9,8652","9,9213","132,2272","49,9187","157,4913","5,7336","12,969","3,945","140,5302","138,6956","113,0753","9,0073","2,3419","4,3142",o
"157,0081","127,3763","139,491","4,9341","12,9343","13,2573","133,2966","49,0824","157,5305","16,581","16,6677","5,4447","141,207","138,7321","113,7249","11,8631","2,9122","5,9926",o
"160,5367","131,6934","149,2399","4,3129","9,339","8,7018","139,5967","46,6357","161,1162","10,8658","12,4065","4,626","146,5907","140,3126","115,066","8,3244","2,5065","4,6831",o
"163,4262","136,1581","151,6683","3,682","8,613","7,7244","137,5082","42,9132","163,6461","11,6849","11,191","3,7871","150,3549","139,2078","115,6283","7,6154","2,4275","3,9727",o
"157,6239","124,2024","136,3308","4,9931","13,5427","13,1626","132,4924","54,6103","157,7915","7,2211","17,1714","5,2062","138,386","139,639","111,7062","12,3525","3,0556","5,6804",o
"159,5403","134,0929","151,7577","5,0339","10,9844","10,2843","141,6344","41,9603","160,3482","14,4562","13,3231","5,7773","148,6809","139,6307","116,969","9,8358","3,0101","4,7455",o
"159,3391","131,622","149,3467","4,3875","10,5378","9,3868","141,6458","45,5594","160,1641","9,0787","13,4386","4,8045","146,4546","140,1739","115,7084","9,3606","2,7204","5,0664",o
"157,2903","130,0786","137,6247","5,0737","10,0059","12,2547","130,2053","44,5469","157,5437","10,9722","13,5123","5,1713","142,6111","136,5621","114,506","9,6645","1,6432","4,9907",o
"151,8259","128,6527","130,0269","5,9893","10,6536","13,5212","123,7682","41,3512","151,9811","11,9995","14,7068","6,1612","139,5393","133,5264","115,7512","10,4662","1,8264","4,7114",o
"150,636","114,2071","112,2526","8,9254","16,0865","21,0235","119,4169","70,5701","151,2312","19,5108","25,2589","9,1185","125,6035","136,0882","107,9889","15,8499","2,8249","8,2065",o
"153,432","130,3281","130,3274","5,7577","13,3301","17,4709","123,2317","43,0037","153,6286","14,9116","21,3147","5,9691","140,8774","133,1278","115,6383","13,1012","2,6058","6,5169",o
"153,7427","125,9114","127,7422","5,8406","14,1346","16,4127","123,9858","48,4545","153,8915","13,3609","20,531","5,9562","137,3028","134,8877","113,3052","13,4503","2,9569","6,8051",o
"155,5759","123,7589","128,2028","5,509","13,3269","16,7958","124,0787","53,6624","156,0099","19,5699","18,1955","5,9568","136,139","136,7688","111,5667","12,9593","2,3886","6,814",o
"154,303","128,2364","130,9299","5,0917","11,4227","13,7311","123,042","45,0893","154,5683","16,9512","16,8352","5,2495","139,6681","134,6795","114,4002","10,7995","2,9569","5,7921",o
"160,013","137,153","143,9531","4,2081","9,2388","10,4485","129,5429","37,0345","160,3288","16,1711","12,3957","4,357","149,0839","135,2474","116,7754","8,5853","2,0327","4,684",o
"155,711","127,9848","133,852","6,2939","12,6549","14,3381","125,4359","46,9382","156,4359","22,9453","18,8616","6,4076","140,257","136,211","113,9406","11,7098","3,2022","7,3464",o
"156,6334","131,3455","135,1269","6,2311","13,0695","14,8087","121,5455","42,8625","157,3548","25,7651","18,654","6,3697","142,93","134,8941","114,9981","12,2201","2,893","7,2829",o
"157,163","129,3421","130,362","5,6564","12,451","13,976","119,8986","47,5691","157,5235","21,713","20,9633","5,4824","140,6148","134,5803","113,2916","11,4474","2,9604","7,4021",o
"158,9802","117,1157","122,775","9,623","18,3575","21,0631","122,2528","69,7813","159,9842","23,3874","25,0564","9,2025","130,7227","139,9422","106,2409","17,2505","4,2336","10,2583",o
"150,9092","129,3393","130,4891","4,8967","9,9987","11,1986","121,6481","37,7959","150,9854","13,1575","15,5857","4,8961","140,0159","133,0404","116,6236","9,3833","2,5414","5,1448",o
"167,3618","144,1476","154,501","6,5258","18,9119","19,1964","116,1017","41,0834","170,6352","48,4817","20,7523","8,4885","156,6866","136,6866","117,078","16,9543","4,2023","9,7376",o
"155,7758","134,8054","136,6935","7,7565","15,9478","17,3861","116,4062","37,5674","156,6151","34,2605","23,7987","7,4699","145,5411","133,3284","117,0746","14,7943","3,6614","8,5517",o
"157,8631","134,9136","139,0931","8,1264","19,1184","20,3897","110,7305","41,9611","159,7616","44,5132","24,1091","8,7294","146,2762","134,6308","116,3035","17,6232","4,2576","9,7345",o
"158,3734","131,89","131,2047","8,4262","20,3604","23,9186","110,2737","51,1345","159,8603","36,6149","30,4714","8,7412","142,6106","133,9863","113,7343","19,1023","4,3008","10,9916",o
"154,9317","136,5396","139,0045","4,7446","8,6939","9,5275","121,7113","31,3741","155,1942","20,8756","11,7949","4,7149","147,2068","132,7356","118,491","8,096","2,0511","4,4169",o
"157,8516","132,5985","134,7192","7,0952","14,068","16,6109","118,3387","44,7904","159,0403","29,5226","19,2004","7,3164","143,8169","134,3436","114,8312","13,1965","2,8139","7,7559",o
"165,9425","141,6058","149,1467","5,0454","8,772","10,0123","130,4956","38,14","166,4361","15,1965","10,9609","5,2488","153,737","135,7796","116,1927","8,142","1,8606","4,5253",o
"157,757","123,23","153,872","8,5898","20,3952","13,971","147,3039","59,885","160,7647","15,9302","26,1678","10,5999","142,2102","146,2391","114,0678","15,7869","8,1593","8,2116",o
"155,3956","124,5237","146,5991","7,7573","13,4124","9,9662","141,886","51,1746","155,6211","11,8872","16,5308","7,9574","140,7798","142,4316","114,586","11,5687","4,2329","4,9153",o
"157,7072","129,3366","152,7756","5,5563","11,2329","7,6532","143,7897","47,4468","158,7756","19,9949","13,826","6,4578","145,6936","142,3126","116,226","9,2398","3,9706","5,0834",o
"150,3271","111,8861","131,0217","6,1335","13,5617","9,8342","135,7218","65,6552","150,5746","9,3378","19,9916","6,2504","128,2263","143,3836","109,8952","11,5472","4,5111","6,2588",o
"156,0243","123,8222","149,527","5,5138","12,3892","8,4755","144,2846","53,9291","156,8936","14,5394","16,3127","6,0431","141,1661","144,0321","114,3973","10,2527","4,3432","5,5258",o
"151,9839","119,2316","138,4585","8,6256","14,5511","11,8195","133,9558","57,4699","153,5047","26,536","17,6759","8,3425","135,0067","142,0602","113,0957","12,7003","4,1921","7,068",o
"152,1678","117,7199","137,9483","10,4333","16,1234","13,5949","132,6488","61,9829","154,6114","28,9163","18,027","9,306","133,9251","142,8611","112,2872","14,1414","4,6043","8,2746",o
"155,8869","126,1928","152,7364","7,9079","14,7159","10,5943","141,3662","52,9373","158,6216","29,5527","15,0981","8,4746","143,4776","143,821","115,8885","12,4027","4,4095","6,5422",o
"154,1601","117,7387","144,2919","9,9501","16,3972","12,0957","137,8894","64,3267","156,7575","27,1298","19,7503","8,4583","135,7227","145,4369","112,2128","13,8297","5,4593","8,0663",o
"156,6016","128,3158","152,2921","6,2832","10,4991","7,7422","144,2234","48,7483","158,4498","19,0728","10,885","6,3891","144,787","142,4867","116,2523","8,8408","3,356","4,6125",o
"164,6385","103,6093","117,1939","8,5078","18,1136","18,8384","127,4781","95,2265","164,7068","8,0597","24,8857","8,4888","121,0196","147,6637","97,0488","16,3667","5,4375","9,0909",o
"167,5552","125,1577","125,4806","5,5646","14,0141","14,5713","120,506","68,4338","167,5867","7,4172","20,118","5,5593","137,721","137,9326","105,5131","12,5475","4,0593","7,089",o
"170,6373","126,8281","132,2768","5,833","14,4201","15,0811","124,2325","66,5768","170,7167","8,9765","19,74","5,832","140,561","139,8768","105,4912","12,9603","4,0162","7,216",o
"169,2955","103,225","114,9425","6,5445","15,419","17,3227","125,9343","99,7151","169,2999","3,6835","21,4698","6,5403","120,8194","148,3901","94,1738","14,3418","4,0067","7,9111",o
"164,0437","91,6833","103,0907","7,9509","19,5735","21,738","125,4093","113,1709","164,0674","4,787","27,7201","7,9368","109,9012","150,8096","90,4274","18,2199","5,4329","9,8173",o
"168,7048","106,6705","112,7954","6,9093","14,3884","16,8418","123,5012","95,1663","168,7093","4,442","20,8317","6,9056","122,5948","145,4983","95,5794","13,3355","4,1689","7,5982",o
